sourcetype,PROFILE_CODE,Classification,Flow_Type
dbx:CerillionBahamasOracle,B26P,New,WorkOrder_Flow
dbx:CerillionBahamasOracle,B26R,Recover,WorkOrder_Flow
dbx:CerillionBahamasOracle,CN1P,Change,WorkOrder_Flow
dbx:CerillionBahamasOracle,F26P,New,WorkOrder_Flow
dbx:CerillionBahamasOracle,F26R,Recover,WorkOrder_Flow
dbx:CerillionBahamasOracle,TV07,Recover,WorkOrder_Flow
dbx:CerillionBahamasOracle,GM01,New,WorkOrder_Flow
dbx:CerillionBahamasOracle,GM02,New,WorkOrder_Flow
dbx:CerillionBahamasOracle,GM03,New,WorkOrder_Flow
dbx:CerillionBahamasOracle,GM04,New,WorkOrder_Flow
dbx:CerillionBahamasOracle,GM15,Recover,WorkOrder_Flow
dbx:CerillionBahamasOracle,GM20,Change,WorkOrder_Flow
dbx:CerillionBahamasOracle,G20R,Change,WorkOrder_Flow
dbx:CerillionBahamasOracle,G20P,Change,WorkOrder_Flow
dbx:CerillionBahamasOracle,GM21,Move,WorkOrder_Flow
dbx:CerillionBahamasOracle,G21R,Move,WorkOrder_Flow
dbx:CerillionBahamasOracle,G21P,Move,WorkOrder_Flow
dbx:CerillionBahamasOracle,GM22,Move,WorkOrder_Flow
dbx:CerillionBahamasOracle,G22R,Move,WorkOrder_Flow
dbx:CerillionBahamasOracle,G22P,Move,WorkOrder_Flow
dbx:CerillionBahamasOracle,GM31,Change,WorkOrder_Flow
dbx:CerillionBahamasOracle,G31R,Change,WorkOrder_Flow
dbx:CerillionBahamasOracle,G31P,Change,WorkOrder_Flow
dbx:CerillionBahamasOracle,GM32,Change,WorkOrder_Flow
dbx:CerillionBahamasOracle,G32R,Change,WorkOrder_Flow
dbx:CerillionBahamasOracle,G32P,Change,WorkOrder_Flow
dbx:CerillionBahamasOracle,113,Change,WorkOrder_Flow
dbx:CerillionBahamasOracle,114,Change,WorkOrder_Flow
dbx:CerillionBahamasOracle,115,Change,WorkOrder_Flow
dbx:CerillionBahamasOracle,116,Change,WorkOrder_Flow
dbx:CerillionBahamasOracle,117,Change,WorkOrder_Flow
dbx:CerillionBahamasOracle,118,New,WorkOrder_Flow
dbx:CerillionBahamasOracle,119,New,WorkOrder_Flow
dbx:CerillionBahamasOracle,120,New,WorkOrder_Flow
dbx:CerillionBahamasOracle,121,Recover,WorkOrder_Flow
dbx:CerillionBahamasOracle,DSLD,Migration,WorkOrder_Flow
dbx:CerillionBahamasOracle,GM05,New,WorkOrder_Flow
dbx:CerillionBahamasOracle,195,MNP,MNP_Portout
dbx:CerillionBahamasOracle,GMPP,Migration,WorkOrder_Flow
dbx:CerillionBahamasOracle,196,Change,WorkOrder_Flow
dbx:CerillionBahamasOracle,197,Recover,WorkOrder_Flow
dbx:CerillionBahamasOracle,GM06,New,WorkOrder_Flow
dbx:CerillionBahamasOracle,PI01,MNP,MNP_Portout
dbx:CerillionBahamasOracle,PO03,MNP,MNP_Portout
dbx:CerillionBahamasOracle,PO04,MNP,MNP_Portout
dbx:CerillionBahamasOracle,PO01,MNP,MNP_Portout
dbx:CerillionBahamasOracle,PO02,MNP,MNP_Portout
dbx:CerillionBahamasOracle,PO05,MNP,MNP_Portout
dbx:CerillionBahamasOracle,FX50,New,WorkOrder_Flow
dbx:CerillionBahamasOracle,TV01,New,WorkOrder_Flow
dbx:CerillionBahamasOracle,TV02,Change,WorkOrder_Flow
dbx:CerillionBahamasOracle,T02R,Change,WorkOrder_Flow
dbx:CerillionBahamasOracle,T02P,Change,WorkOrder_Flow
dbx:CerillionBahamasOracle,TV03,Change,WorkOrder_Flow
dbx:CerillionBahamasOracle,T03R,Change,WorkOrder_Flow
dbx:CerillionBahamasOracle,T03P,Change,WorkOrder_Flow
dbx:CerillionBahamasOracle,TV04,Change,WorkOrder_Flow
dbx:CerillionBahamasOracle,T04R,Change,WorkOrder_Flow
dbx:CerillionBahamasOracle,T04P,Change,WorkOrder_Flow
dbx:CerillionBahamasOracle,TV05,Change,WorkOrder_Flow
dbx:CerillionBahamasOracle,T05R,Change,WorkOrder_Flow
dbx:CerillionBahamasOracle,T05P,Change,WorkOrder_Flow
dbx:CerillionBahamasOracle,TV06,Change,WorkOrder_Flow
dbx:CerillionBahamasOracle,T06R,Change,WorkOrder_Flow
dbx:CerillionBahamasOracle,T06P,Change,WorkOrder_Flow
dbx:CerillionBahamasOracle,TV08,Recover,WorkOrder_Flow
dbx:CerillionBahamasOracle,T08R,Recover,WorkOrder_Flow
dbx:CerillionBahamasOracle,T08P,Recover,WorkOrder_Flow
dbx:CerillionBahamasOracle,TV09,Change,WorkOrder_Flow
dbx:CerillionBahamasOracle,TV10,Change,WorkOrder_Flow
dbx:CerillionBahamasOracle,TV11,Change,WorkOrder_Flow
dbx:CerillionBahamasOracle,T11R,Change,WorkOrder_Flow
dbx:CerillionBahamasOracle,T11P,Change,WorkOrder_Flow
dbx:CerillionBahamasOracle,TV12,Change,WorkOrder_Flow
dbx:CerillionBahamasOracle,TV13,Change,WorkOrder_Flow
dbx:CerillionBahamasOracle,T13R,Change,WorkOrder_Flow
dbx:CerillionBahamasOracle,T13P,Change,WorkOrder_Flow
dbx:CerillionBahamasOracle,TV14,Recover,WorkOrder_Flow
dbx:CerillionBahamasOracle,TV15,New,WorkOrder_Flow
dbx:CerillionBahamasOracle,DSL1,Recover,WorkOrder_Flow
dbx:CerillionBahamasOracle,DSR1,Recover,WorkOrder_Flow
dbx:CerillionBahamasOracle,DSP1,Recover,WorkOrder_Flow
dbx:CerillionBahamasOracle,FX33,LNP,MNP_Portout
dbx:CerillionBahamasOracle,FX34,LNP,MNP_Portout
dbx:CerillionBahamasOracle,FE05,LNP,MNP_Portout
dbx:CerillionBahamasOracle,PD03,LNP,MNP_Portout
dbx:CerillionBahamasOracle,BB14,New,WorkOrder_Flow
dbx:CerillionBahamasOracle,BB54,Change,WorkOrder_Flow
dbx:CerillionBahamasOracle,BB17,Recover,WorkOrder_Flow
dbx:CerillionBahamasOracle,FX01,New,WorkOrder_Flow
dbx:CerillionBahamasOracle,FX02,New,WorkOrder_Flow
dbx:CerillionBahamasOracle,FX03,New,WorkOrder_Flow
dbx:CerillionBahamasOracle,FX04,New,WorkOrder_Flow
dbx:CerillionBahamasOracle,FX06,Change,WorkOrder_Flow
dbx:CerillionBahamasOracle,BB01,New,WorkOrder_Flow
dbx:CerillionBahamasOracle,BB02,New,WorkOrder_Flow
dbx:CerillionBahamasOracle,VB01,New,WorkOrder_Flow
dbx:CerillionBahamasOracle,VB02,New,WorkOrder_Flow
dbx:CerillionBahamasOracle,PX01,New,WorkOrder_Flow
dbx:CerillionBahamasOracle,PX02,New,WorkOrder_Flow
dbx:CerillionBahamasOracle,PW01,New,WorkOrder_Flow
dbx:CerillionBahamasOracle,FX15,Recover,WorkOrder_Flow
dbx:CerillionBahamasOracle,FX16,Recover,WorkOrder_Flow
dbx:CerillionBahamasOracle,BB15,Recover,WorkOrder_Flow
dbx:CerillionBahamasOracle,VB15,Recover,WorkOrder_Flow
dbx:CerillionBahamasOracle,VB16,Recover,WorkOrder_Flow
dbx:CerillionBahamasOracle,BB20,Change,WorkOrder_Flow
dbx:CerillionBahamasOracle,B20R,Change,WorkOrder_Flow
dbx:CerillionBahamasOracle,B20P,Change,WorkOrder_Flow
dbx:CerillionBahamasOracle,FX21,Transfer,WorkOrder_Flow
dbx:CerillionBahamasOracle,F21R,Transfer,WorkOrder_Flow
dbx:CerillionBahamasOracle,F21P,Transfer,WorkOrder_Flow
dbx:CerillionBahamasOracle,VB21,Transfer,WorkOrder_Flow
dbx:CerillionBahamasOracle,V21R,Transfer,WorkOrder_Flow
dbx:CerillionBahamasOracle,V21P,Transfer,WorkOrder_Flow
dbx:CerillionBahamasOracle,FX22,Change,WorkOrder_Flow
dbx:CerillionBahamasOracle,F22R,Change,WorkOrder_Flow
dbx:CerillionBahamasOracle,F22P,Change,WorkOrder_Flow
dbx:CerillionBahamasOracle,FX23,Change,WorkOrder_Flow
dbx:CerillionBahamasOracle,F23R,Change,WorkOrder_Flow
dbx:CerillionBahamasOracle,F23P,Change,WorkOrder_Flow
dbx:CerillionBahamasOracle,FX24,Change,WorkOrder_Flow
dbx:CerillionBahamasOracle,F24R,Change,WorkOrder_Flow
dbx:CerillionBahamasOracle,F24P,Change,WorkOrder_Flow
dbx:CerillionBahamasOracle,FX31,Change,WorkOrder_Flow
dbx:CerillionBahamasOracle,F31R,Change,WorkOrder_Flow
dbx:CerillionBahamasOracle,F31P,Change,WorkOrder_Flow
dbx:CerillionBahamasOracle,FX32,Change,WorkOrder_Flow
dbx:CerillionBahamasOracle,F32R,Change,WorkOrder_Flow
dbx:CerillionBahamasOracle,F32P,Change,WorkOrder_Flow
dbx:CerillionBahamasOracle,FX40,Suspension,WorkOrder_Flow
dbx:CerillionBahamasOracle,F40R,Suspension,WorkOrder_Flow
dbx:CerillionBahamasOracle,F40P,Suspension,WorkOrder_Flow
dbx:CerillionBahamasOracle,FX41,Suspension,WorkOrder_Flow
dbx:CerillionBahamasOracle,F41R,Suspension,WorkOrder_Flow
dbx:CerillionBahamasOracle,F41P,Suspension,WorkOrder_Flow
dbx:CerillionBahamasOracle,FX42,Suspension,WorkOrder_Flow
dbx:CerillionBahamasOracle,TF02,Recover,WorkOrder_Flow
dbx:CerillionBahamasOracle,YP01,New,WorkOrder_Flow
dbx:CerillionBahamasOracle,PW15,Recover,WorkOrder_Flow
dbx:CerillionBahamasOracle,TF01,New,WorkOrder_Flow
dbx:CerillionBahamasOracle,TF15,Recover,WorkOrder_Flow
dbx:CerillionBahamasOracle,TF17,Recover,WorkOrder_Flow
dbx:CerillionBahamasOracle,TF18,Recover,WorkOrder_Flow
dbx:CerillionBahamasOracle,TF7R,Recover,WorkOrder_Flow
dbx:CerillionBahamasOracle,TF8R,Recover,WorkOrder_Flow
dbx:CerillionBahamasOracle,TF20,Change,WorkOrder_Flow
dbx:CerillionBahamasOracle,TF21,Change,WorkOrder_Flow
dbx:CerillionBahamasOracle,F20P,Change,WorkOrder_Flow
dbx:CerillionBahamasOracle,F06P,Change,WorkOrder_Flow
dbx:CerillionBahamasOracle,F06R,Change,WorkOrder_Flow
dbx:CerillionBahamasOracle,PX04,Change,WorkOrder_Flow
dbx:CerillionBahamasOracle,64,Change,WorkOrder_Flow
dbx:CerillionBahamasOracle,65,Change,WorkOrder_Flow
dbx:CerillionBahamasOracle,66,Change,WorkOrder_Flow
dbx:CerillionBahamasOracle,67,New,WorkOrder_Flow
dbx:CerillionBahamasOracle,68,New,WorkOrder_Flow
dbx:CerillionBahamasOracle,69,New,WorkOrder_Flow
dbx:CerillionBahamasOracle,70,New,WorkOrder_Flow
dbx:CerillionBahamasOracle,71,New,WorkOrder_Flow
dbx:CerillionBahamasOracle,72,New,WorkOrder_Flow
dbx:CerillionBahamasOracle,73,New,WorkOrder_Flow
dbx:CerillionBahamasOracle,74,New,WorkOrder_Flow
dbx:CerillionBahamasOracle,75,New,WorkOrder_Flow
dbx:CerillionBahamasOracle,76,New,WorkOrder_Flow
dbx:CerillionBahamasOracle,77,New,WorkOrder_Flow
dbx:CerillionBahamasOracle,78,New,WorkOrder_Flow
dbx:CerillionBahamasOracle,83,New,WorkOrder_Flow
dbx:CerillionBahamasOracle,88,New,WorkOrder_Flow
dbx:CerillionBahamasOracle,93,New,WorkOrder_Flow
dbx:CerillionBahamasOracle,FX29,LNP,MNP_Portout
dbx:CerillionBahamasOracle,DP01,New,WorkOrder_Flow
dbx:CerillionBahamasOracle,WSA1,New,WorkOrder_Flow
dbx:CerillionBahamasOracle,WSA2,Recover,WorkOrder_Flow
dbx:CerillionBahamasOracle,FX08,Recover,WorkOrder_Flow
dbx:CerillionBahamasOracle,FX09,New,WorkOrder_Flow
dbx:CerillionBahamasOracle,FX13,New,WorkOrder_Flow
dbx:CerillionBahamasOracle,FX14,New,WorkOrder_Flow
dbx:CerillionBahamasOracle,PL01,New,WorkOrder_Flow
dbx:CerillionBahamasOracle,PL02,New,WorkOrder_Flow
dbx:CerillionBahamasOracle,PL03,New,WorkOrder_Flow
dbx:CerillionBahamasOracle,PT01,New,WorkOrder_Flow
dbx:CerillionBahamasOracle,PD01,New,WorkOrder_Flow
dbx:CerillionBahamasOracle,P50P,Change,WorkOrder_Flow
dbx:CerillionBahamasOracle,P51P,Change,WorkOrder_Flow
dbx:CerillionBahamasOracle,P52P,Change,WorkOrder_Flow
dbx:CerillionBahamasOracle,PT02,Recover,WorkOrder_Flow
dbx:CerillionBahamasOracle,PT03,Recover,WorkOrder_Flow
dbx:CerillionBahamasOracle,PD02,Recover,WorkOrder_Flow
dbx:CerillionBahamasOracle,P50R,Change,WorkOrder_Flow
dbx:CerillionBahamasOracle,P51R,Change,WorkOrder_Flow
dbx:CerillionBahamasOracle,P52R,Change,WorkOrder_Flow
dbx:CerillionBahamasOracle,PX50,Change,WorkOrder_Flow
dbx:CerillionBahamasOracle,PX51,Change,WorkOrder_Flow
dbx:CerillionBahamasOracle,PX52,Change,WorkOrder_Flow
dbx:CerillionBahamasOracle,FX60,New,WorkOrder_Flow
dbx:CerillionBahamasOracle,B25R,Change,WorkOrder_Flow
dbx:CerillionBahamasOracle,B25P,Change,WorkOrder_Flow
dbx:CerillionBahamasOracle,B31R,Recover,WorkOrder_Flow
dbx:CerillionBahamasOracle,B31P,New,WorkOrder_Flow
dbx:CerillionBahamasOracle,BB45,Suspension,WorkOrder_Flow
dbx:CerillionBahamasOracle,BB46,Change,WorkOrder_Flow
dbx:CerillionBahamasOracle,BB25,Change,WorkOrder_Flow
dbx:CerillionBahamasOracle,BB31,New,WorkOrder_Flow
dbx:CerillionBahamasOracle,TF03,New,WorkOrder_Flow
dbx:CerillionBahamasOracle,TF04,New,WorkOrder_Flow
dbx:CerillionBahamasOracle,TF05,New,WorkOrder_Flow
dbx:CerillionBahamasOracle,TF2R,Change,WorkOrder_Flow
dbx:CerillionBahamasOracle,TF2P,Change,WorkOrder_Flow
dbx:CerillionBahamasOracle,TF3R,Change,WorkOrder_Flow
dbx:CerillionBahamasOracle,TF3P,Change,WorkOrder_Flow
dbx:CerillionBahamasOracle,TF4R,Change,WorkOrder_Flow
dbx:CerillionBahamasOracle,TF4P,Change,WorkOrder_Flow
dbx:CerillionBahamasOracle,TF40,Change,WorkOrder_Flow
dbx:CerillionBahamasOracle,TF07,New,WorkOrder_Flow
dbx:CerillionBahamasOracle,TF08,New,WorkOrder_Flow
dbx:CerillionBahamasOracle,FX19,Recover,WorkOrder_Flow
dbx:CerillionBahamasOracle,FX25,New,WorkOrder_Flow
dbx:CerillionBahamasOracle,BA10,New,WorkOrder_Flow
dbx:CerillionBahamasOracle,BA12,New,WorkOrder_Flow
dbx:CerillionBahamasOracle,BB10,New,WorkOrder_Flow
dbx:CerillionBahamasOracle,BB11,New,WorkOrder_Flow
dbx:CerillionBahamasOracle,BB12,New,WorkOrder_Flow
dbx:CerillionBahamasOracle,BB13,New,WorkOrder_Flow
dbx:CerillionBahamasOracle,BB61,Change,WorkOrder_Flow
dbx:CerillionBahamasOracle,BB62,Change,WorkOrder_Flow
dbx:CerillionBahamasOracle,BB50,Change,WorkOrder_Flow
dbx:CerillionBahamasOracle,BB51,Change,WorkOrder_Flow
dbx:CerillionBahamasOracle,BB52,Change,WorkOrder_Flow
dbx:CerillionBahamasOracle,BB53,Change,WorkOrder_Flow
dbx:CerillionBahamasOracle,BA50,Change,WorkOrder_Flow
dbx:CerillionBahamasOracle,BA51,Change,WorkOrder_Flow
dbx:CerillionBahamasOracle,BA52,Change,WorkOrder_Flow
dbx:CerillionBahamasOracle,BB60,Change,WorkOrder_Flow
dbx:CerillionBahamasOracle,BA19,Recover,WorkOrder_Flow
dbx:CerillionBahamasOracle,BB19,Recover,WorkOrder_Flow
dbx:CerillionBahamasOracle,BB18,Recover,WorkOrder_Flow
dbx:CerillionBahamasOracle,F20R,Change,WorkOrder_Flow
dbx:CerillionBahamasOracle,FX20,Change,WorkOrder_Flow
dbx:CerillionBahamasOracle,PW20,Change,WorkOrder_Flow
dbx:CerillionBahamasOracle,P20P,Change,WorkOrder_Flow
dbx:CerillionBahamasOracle,P20R,Change,WorkOrder_Flow
dbx:CerillionBahamasOracle,PW21,Change,WorkOrder_Flow
dbx:CerillionBahamasOracle,P21P,Change,WorkOrder_Flow
dbx:CerillionBahamasOracle,P21R,Change,WorkOrder_Flow
dbx:CerillionBahamasOracle,PX15,Recover,WorkOrder_Flow
dbx:CerillionBahamasOracle,PX16,Recover,WorkOrder_Flow
dbx:CerillionBahamasOracle,P22R,Change,WorkOrder_Flow
dbx:CerillionBahamasOracle,P22P,Change,WorkOrder_Flow
dbx:CerillionBahamasOracle,PX22,Change,WorkOrder_Flow
dbx:CerillionBahamasOracle,PX23,Change,WorkOrder_Flow
dbx:CerillionBahamasOracle,P24R,Change,WorkOrder_Flow
dbx:CerillionBahamasOracle,P24P,Change,WorkOrder_Flow
dbx:CerillionBahamasOracle,PX24,Change,WorkOrder_Flow
dbx:CerillionBahamasOracle,PX25,Change,WorkOrder_Flow
dbx:CerillionBahamasOracle,P31R,Change,WorkOrder_Flow
dbx:CerillionBahamasOracle,P31P,Change,WorkOrder_Flow
dbx:CerillionBahamasOracle,PX31,Change,WorkOrder_Flow
dbx:CerillionBahamasOracle,P32R,Change,WorkOrder_Flow
dbx:CerillionBahamasOracle,P32P,Change,WorkOrder_Flow
dbx:CerillionBahamasOracle,PX32,Change,WorkOrder_Flow
dbx:CerillionBahamasOracle,P40R,Change,WorkOrder_Flow
dbx:CerillionBahamasOracle,P40P,Change,WorkOrder_Flow
dbx:CerillionBahamasOracle,PX40,Change,WorkOrder_Flow
dbx:CerillionBahamasOracle,P41R,Change,WorkOrder_Flow
dbx:CerillionBahamasOracle,P41P,Change,WorkOrder_Flow
dbx:CerillionBahamasOracle,PX41,Change,WorkOrder_Flow
dbx:CerillionBahamasOracle,MP01,New,WorkOrder_Flow
dbx:CerillionBahamasOracle,PX45,Change,WorkOrder_Flow
dbx:CerillionBahamasOracle,PX46,Change,WorkOrder_Flow
dbx:CerillionBahamasOracle,FX07,New,WorkOrder_Flow
dbx:CerillionBahamasOracle,FX17,Recover,WorkOrder_Flow
dbx:CerillionBahamasOracle,CH01,Change,WorkOrder_Flow
dbx:CerillionBahamasOracle,BB21,Change,WorkOrder_Flow
dbx:CerillionBahamasOracle,BB22,Change,WorkOrder_Flow
dbx:CerillionBahamasOracle,VB20,Change,WorkOrder_Flow
dbx:CerillionBahamasOracle,V20R,Recover,WorkOrder_Flow
dbx:CerillionBahamasOracle,V20P,Change,WorkOrder_Flow
dbx:CerillionBahamasOracle,PW26,Change,WorkOrder_Flow
dbx:CerillionBahamasOracle,P26P,Change,WorkOrder_Flow
dbx:CerillionBahamasOracle,P26R,Change,WorkOrder_Flow
dbx:CerillionBahamasOracle,PX03,New,WorkOrder_Flow
dbx:CerillionBahamasOracle,CH02,Change,WorkOrder_Flow
dbx:CerillionBahamasOracle,DA02,New,WorkOrder_Flow
dbx:CerillionBahamasOracle,MP20,Change,WorkOrder_Flow
dbx:CerillionBahamasOracle,M20R,Change,WorkOrder_Flow
dbx:CerillionBahamasOracle,M20P,Change,WorkOrder_Flow
dbx:CerillionBahamasOracle,MP15,Recover,WorkOrder_Flow
dbx:CerillionBahamasOracle,DA15,Recover,WorkOrder_Flow
dbx:CerillionBahamasOracle,FX35,LNP,MNP_Portout
dbx:CerillionBahamasOracle,23,New,WorkOrder_Flow
dbx:CerillionBahamasOracle,24,New,WorkOrder_Flow
dbx:CerillionBahamasOracle,25,New,WorkOrder_Flow
dbx:CerillionBahamasOracle,26,New,WorkOrder_Flow
dbx:CerillionBahamasOracle,27,New,WorkOrder_Flow
dbx:CerillionBahamasOracle,28,New,WorkOrder_Flow
dbx:CerillionBahamasOracle,29,New,WorkOrder_Flow
dbx:CerillionBahamasOracle,30,New,WorkOrder_Flow
dbx:CerillionBahamasOracle,31,Change,WorkOrder_Flow
dbx:CerillionBahamasOracle,34,Change,WorkOrder_Flow
dbx:CerillionBahamasOracle,40,Change,WorkOrder_Flow
dbx:CerillionBahamasOracle,FX71,Change,WorkOrder_Flow
dbx:CerillionBahamasOracle,F71R,Change,WorkOrder_Flow
dbx:CerillionBahamasOracle,FX78,Change,WorkOrder_Flow
dbx:CerillionBahamasOracle,FX79,Change,WorkOrder_Flow
dbx:CerillionBahamasOracle,FX80,Change,WorkOrder_Flow
dbx:CerillionBahamasOracle,F78P,Change,WorkOrder_Flow
dbx:CerillionBahamasOracle,F78R,Change,WorkOrder_Flow
dbx:CerillionBahamasOracle,F79P,Change,WorkOrder_Flow
dbx:CerillionBahamasOracle,F79R,Change,WorkOrder_Flow
dbx:CerillionBahamasOracle,BNF4,Change,WorkOrder_Flow
dbx:CerillionBahamasOracle,BNF5,Change,WorkOrder_Flow
dbx:CerillionBahamasOracle,BNF6,Change,WorkOrder_Flow
dbx:CerillionBahamasOracle,BF4P,Change,WorkOrder_Flow
dbx:CerillionBahamasOracle,48,New,WorkOrder_Flow
dbx:CerillionBahamasOracle,51,New,WorkOrder_Flow
dbx:CerillionBahamasOracle,54,Recover,WorkOrder_Flow
dbx:CerillionBahamasOracle,55,Recover,WorkOrder_Flow
dbx:CerillionBahamasOracle,62,Recover,WorkOrder_Flow
dbx:CerillionBahamasOracle,63,Change,WorkOrder_Flow
dbx:CerillionBahamasOracle,BN71,Change,WorkOrder_Flow
dbx:CerillionBahamasOracle,B71R,Change,WorkOrder_Flow
dbx:CerillionBahamasOracle,B71P,Change,WorkOrder_Flow
dbx:CerillionBahamasOracle,BN16,Recover,WorkOrder_Flow
dbx:CerillionBahamasOracle,FX27,Change,WorkOrder_Flow
dbx:CerillionBahamasOracle,F27R,Change,WorkOrder_Flow
dbx:CerillionBahamasOracle,F27P,Change,WorkOrder_Flow
dbx:CerillionBahamasOracle,B81P,Change,WorkOrder_Flow
dbx:CerillionBahamasOracle,BN01,Change,WorkOrder_Flow
dbx:CerillionBahamasOracle,BN02,Change,WorkOrder_Flow
dbx:CerillionBahamasOracle,BN03,Change,WorkOrder_Flow
dbx:CerillionBahamasOracle,BN15,Recover,WorkOrder_Flow
dbx:CerillionBahamasOracle,BN70,Change,WorkOrder_Flow
dbx:CerillionBahamasOracle,BN72,Change,WorkOrder_Flow
dbx:CerillionBahamasOracle,B72R,Change,WorkOrder_Flow
dbx:CerillionBahamasOracle,B72P,Change,WorkOrder_Flow
dbx:CerillionBahamasOracle,BN73,Change,WorkOrder_Flow
dbx:CerillionBahamasOracle,B73R,Change,WorkOrder_Flow
dbx:CerillionBahamasOracle,B73P,Change,WorkOrder_Flow
dbx:CerillionBahamasOracle,BN81,Change,WorkOrder_Flow
dbx:CerillionBahamasOracle,BN82,Change,WorkOrder_Flow
dbx:CerillionBahamasOracle,BN83,Change,WorkOrder_Flow
dbx:CerillionBahamasOracle,BN90,Change,WorkOrder_Flow
dbx:CerillionBahamasOracle,B90R,Change,WorkOrder_Flow
dbx:CerillionBahamasOracle,B90P,Change,WorkOrder_Flow
dbx:CerillionBahamasOracle,46,Change,WorkOrder_Flow
dbx:CerillionBahamasOracle,47,Change,WorkOrder_Flow
dbx:CerillionBahamasOracle,F43P,New,WorkOrder_Flow
dbx:CerillionBahamasOracle,FX2A,New,WorkOrder_Flow
dbx:CerillionBahamasOracle,F43R,New,WorkOrder_Flow
dbx:CerillionBahamasOracle,FX43,Recover,WorkOrder_Flow
dbx:CerillionBahamasOracle,21,New,WorkOrder_Flow
dbx:CerillionBahamasOracle,CATR,Change,WorkOrder_Flow
dbx:CerillionBahamasOracle,12,Change,WorkOrder_Flow
dbx:CerillionBahamasOracle,F80P,Change,WorkOrder_Flow
dbx:CerillionBahamasOracle,F80R,Change,WorkOrder_Flow
dbx:CerillionBahamasOracle,BF03,New,WorkOrder_Flow
dbx:CerillionBahamasOracle,BF0R,Change,WorkOrder_Flow
dbx:CerillionBahamasOracle,BF1P,Change,WorkOrder_Flow
dbx:CerillionBahamasOracle,BF1R,Change,WorkOrder_Flow
dbx:CerillionBahamasOracle,BNFR,Recover,WorkOrder_Flow
dbx:CerillionBahamasOracle,190,New,WorkOrder_Flow
dbx:CerillionBahamasOracle,194,New,WorkOrder_Flow
dbx:CerillionBahamasOracle,BNF0,Change,WorkOrder_Flow
dbx:CerillionBahamasOracle,BNF1,Change,WorkOrder_Flow
dbx:CerillionBahamasOracle,BNF2,Change,WorkOrder_Flow
dbx:CerillionBahamasOracle,BF0P,Change,WorkOrder_Flow
dbx:CerillionBahamasOracle,BF2P,Change,WorkOrder_Flow
dbx:CerillionBahamasOracle,BF2R,Change,WorkOrder_Flow
dbx:CerillionBahamasOracle,BF5P,Change,WorkOrder_Flow
dbx:CerillionBahamasOracle,BF6P,Change,WorkOrder_Flow
dbx:CerillionBahamasOracle,156,New,WorkOrder_Flow
dbx:CerillionBahamasOracle,T16P,New,WorkOrder_Flow
dbx:CerillionBahamasOracle,T16R,Recover,WorkOrder_Flow
dbx:CerillionBahamasOracle,TV16,Change,WorkOrder_Flow
dbx:CerillionBahamasOracle,TV17,Recover,WorkOrder_Flow
dbx:CerillionBahamasOracle,257,New,WorkOrder_Flow
dbx:CerillionBahamasOracle,259,New,WorkOrder_Flow
dbx:CerillionBahamasOracle,260,Recover,WorkOrder_Flow
dbx:CerillionBahamasOracle,261,New,WorkOrder_Flow
dbx:CerillionBahamasOracle,264,New,WorkOrder_Flow
dbx:CerillionBahamasOracle,266,New,WorkOrder_Flow
dbx:CerillionBahamasOracle,269,New,WorkOrder_Flow
dbx:CerillionBahamasOracle,CFI1,Change,WorkOrder_Flow
dbx:CerillionBahamasOracle,CI1R,Change,WorkOrder_Flow
dbx:CerillionBahamasOracle,CI1P,Change,WorkOrder_Flow
dbx:CerillionBahamasOracle,CFW1,Change,WorkOrder_Flow
dbx:CerillionBahamasOracle,CW1R,Change,WorkOrder_Flow
dbx:CerillionBahamasOracle,CW1P,Change,WorkOrder_Flow
dbx:CerillionBahamasOracle,CFS1,Change,WorkOrder_Flow
dbx:CerillionBahamasOracle,CS1R,Change,WorkOrder_Flow
dbx:CerillionBahamasOracle,CS1P,Change,WorkOrder_Flow
dbx:CerillionBahamasOracle,MFI1,Change,WorkOrder_Flow
dbx:CerillionBahamasOracle,MI1R,Change,WorkOrder_Flow
dbx:CerillionBahamasOracle,MI1P,Change,WorkOrder_Flow
dbx:CerillionBahamasOracle,MFW1,Change,WorkOrder_Flow
dbx:CerillionBahamasOracle,MW1R,Move,WorkOrder_Flow
dbx:CerillionBahamasOracle,MW1P,Move,WorkOrder_Flow
dbx:CerillionBahamasOracle,MFS1,Change,WorkOrder_Flow
dbx:CerillionBahamasOracle,MS1R,Move,WorkOrder_Flow
dbx:CerillionBahamasOracle,MS1P,Move,WorkOrder_Flow
dbx:CerillionBahamasOracle,CNF1,Change,WorkOrder_Flow
dbx:CerillionBahamasOracle,CF1P,Change,WorkOrder_Flow
dbx:CerillionBahamasOracle,CF1R,Change,WorkOrder_Flow
dbx:CerillionBahamasOracle,CFC1,Recover,WorkOrder_Flow
dbx:CerillionBahamasOracle,CC1R,Recover,WorkOrder_Flow
dbx:CerillionBahamasOracle,CC1P,Change,WorkOrder_Flow
dbx:CerillionBahamasOracle,204,New,WorkOrder_Flow
dbx:CerillionBahamasOracle,205,New,WorkOrder_Flow
dbx:CerillionBahamasOracle,215,New,WorkOrder_Flow
dbx:CerillionBahamasOracle,216,New,WorkOrder_Flow
dbx:CerillionBahamasOracle,239,Change,WorkOrder_Flow
dbx:CerillionBahamasOracle,240,Change,WorkOrder_Flow
dbx:CerillionBahamasOracle,CFN1,Change,WorkOrder_Flow
dbx:CerillionBahamasOracle,CN1R,Change,WorkOrder_Flow
dbx:CerillionBahamasOracle,INFX,Change,WorkOrder_Flow
dbx:CerillionBahamasOracle,PFI1,New,WorkOrder_Flow
dbx:CerillionBahamasOracle,PFW1,New,WorkOrder_Flow
dbx:CerillionBahamasOracle,PFS1,New,WorkOrder_Flow
dbx:CerillionBahamasOracle,PFI2,LNP,MNP_Portout
dbx:CerillionBahamasOracle,PFW2,LNP,MNP_Portout
dbx:CerillionBahamasOracle,PFS2,LNP,MNP_Portout
dbx:CerillionBahamasOracle,PFX1,New,WorkOrder_Flow
dbx:CerillionBahamasOracle,PFX2,New,WorkOrder_Flow
dbx:CerillionBahamasOracle,RF01,Recover,WorkOrder_Flow
dbx:CerillionBahamasOracle,CP22,Change,WorkOrder_Flow
dbx:CerillionBahamasOracle,C22P,Change,WorkOrder_Flow
dbx:CerillionBahamasOracle,C22R,Change,WorkOrder_Flow
dbx:CerillionBahamasOracle,CP02,LNP,MNP_Portout
dbx:CerillionBahamasOracle,CP04,LNP,MNP_Portout
dbx:CerillionBahamasOracle,FX90,New,WorkOrder_Flow
dbx:CerillionBahamasOracle,FX91,New,WorkOrder_Flow
dbx:CerillionBahamasOracle,FX36,New,WorkOrder_Flow
dbx:CerillionBahamasOracle,CP05,New,WorkOrder_Flow
dbx:CerillionBahamasOracle,PL05,New,WorkOrder_Flow
dbx:CerillionBahamasOracle,PL06,New,WorkOrder_Flow
dbx:CerillionBahamasOracle,295,Recover,WorkOrder_Flow
dbx:CerillionBahamasOracle,298,New,WorkOrder_Flow
dbx:CerillionBahamasOracle,301,New,WorkOrder_Flow
dbx:CerillionBahamasOracle,303,New,WorkOrder_Flow
dbx:CerillionBahamasOracle,304,New,WorkOrder_Flow
dbx:CerillionBahamasOracle,306,New,WorkOrder_Flow
dbx:CerillionBahamasOracle,307,Recover,WorkOrder_Flow
dbx:CerillionBahamasOracle,311,New,WorkOrder_Flow
dbx:CerillionBahamasOracle,313,New,WorkOrder_Flow
dbx:CerillionBahamasOracle,316,New,WorkOrder_Flow
dbx:CerillionBahamasOracle,321,New,WorkOrder_Flow
dbx:CerillionBahamasOracle,323,New,WorkOrder_Flow
dbx:CerillionBahamasOracle,324,New,WorkOrder_Flow
dbx:CerillionBahamasOracle,326,New,WorkOrder_Flow
dbx:CerillionBahamasOracle,327,New,WorkOrder_Flow
dbx:CerillionBahamasOracle,328,New,WorkOrder_Flow
dbx:CerillionBahamasOracle,CSW1,Change,WorkOrder_Flow
dbx:CerillionBahamasOracle,PSW1,Change,WorkOrder_Flow
dbx:CerillionBahamasOracle,RSW1,Change,WorkOrder_Flow
